feature,h,ic_s,t_s,n_s,ic_l,t_l,n_l,scale,t_exp,realized
mom_21,1,-0.005739537633257468,-1.2001729829303103,2156,-0.0065199834417105605,-2.419347116305011,5428,1.5867026286960473,-1.9043176269054995,1.2704535641128472
mom_21,5,-0.009534276147246485,-0.9603280754578692,2152,-0.009184616524421294,-1.59368896866268,5424,1.5875912876601066,-1.5246084858923106,1.0453103097677818
mom_21,21,-0.015081598381832418,-0.7919824852089024,2136,-0.009218762581729763,-0.8343356711719446,5408,1.591174159541472,-1.2601820652738414,0.6620755001703987
mom_63,1,-0.001521510163096155,-0.2981180612907207,2114,-0.00027389782691347205,-0.09646584300079723,5386,1.5961756565568446,-0.47584879221216975,0.20272373194925625
mom_63,5,-0.014055238253622567,-1.292632691709835,2110,-0.0053279549432990745,-0.8508700175463426,5382,1.597094518328184,-2.0644565861415827,0.41215205166246544
mom_63,21,-0.02061632463170936,-0.9793249737886163,2094,-0.006428201643740712,-0.5315693276347352,5366,1.6007997046366707,-1.567703128784132,0.33907524828824315
mom_126,1,0.00803886318982278,1.4731683144152683,2051,0.0065713497763107195,2.147307414336675,5323,1.6109994898855513,2.3732734030385547,0.9047872072334479
mom_126,5,0.0005280492902007707,0.04522569650106054,2047,0.002651644969884377,0.3913236178046952,5319,1.6119667293985431,0.0729023180735857,5.36778017688962
mom_126,21,-0.009869143032932173,-0.4581019125843663,2031,-0.004280571522796193,-0.32995239614201083,5303,1.6158678936500959,-0.7402321725647802,0.4457417663957798
mom_252,1,0.016611004195435028,2.765504497150197,1925,0.011564341476074127,3.5371496437585552,5197,1.643088634170494,4.543969007014876,0.7784273260442542
mom_252,5,0.014724152666224732,1.1448993710125641,1921,0.011430085238384919,1.558950006121293,5193,1.6441653024879395,1.882403820659124,0.8281698055497074
mom_252,21,0.00994587322269946,0.42181662146733917,1905,0.005203239156409922,0.36019279322601877,5177,1.648510024791257,0.6953689291124876,0.5179880465549986
mom_12_1,1,0.018993128914837797,3.16532947755333,1925,0.014808473503109388,4.514155478085793,5197,1.643088634170494,5.200916887972705,0.8679537810967388
mom_12_1,5,0.017751011835316605,1.3831576299719879,1921,0.015098458956336644,2.0618463190923952,5193,1.6441653024879395,2.2741397830713947,0.906648893986507
mom_12_1,21,0.011216152099503085,0.48719201742445656,1905,0.0065210020996267284,0.461525631317118,5177,1.648510024791257,0.8031409247224934,0.5746508702399736
reversal_5,1,0.010422826994286323,2.219558972382279,2172,0.012279212712268181,4.629675537663668,5444,1.5831758184710656,3.5139520927461114,1.3175124234677975
reversal_5,5,0.013752447865600217,1.3913754480460354,2168,0.017560474955246246,3.135655735719446,5440,1.584053374179962,2.2040129732284788,1.422702939505061
reversal_5,21,0.008930105761982833,0.4795980942792421,2152,0.010106390100232962,0.9410248943001114,5424,1.5875912876601066,0.7614057560561152,1.2359046235405113
reversal_21,1,0.005739537633257468,1.2001729829303103,2156,0.0065199834417105605,2.419347116305011,5428,1.5867026286960473,1.9043176269054995,1.2704535641128472
reversal_21,5,0.009534276147246485,0.9603280754578692,2152,0.009184616524421294,1.59368896866268,5424,1.5875912876601066,1.5246084858923106,1.0453103097677818
reversal_21,21,0.015081598381832418,0.7919824852089024,2136,0.009218762581729763,0.8343356711719446,5408,1.591174159541472,1.2601820652738414,0.6620755001703987
low_vol_60,1,-0.004811806051925687,-0.7825720632161921,2117,0.0011290727648129162,0.3071692392697497,5389,1.595488443297918,-1.2485846829092422,-0.24601394160469403
low_vol_60,5,-0.019569896501687563,-1.4447174273767385,2113,-0.016571910320576276,-2.0343286524209394,5385,1.5964050953893094,-2.30635426246196,0.8820538481583302
low_vol_60,21,-0.03839071773189659,-1.4954789586284143,2097,-0.038802922653894,-2.437047836426897,5369,1.6001013320320139,-2.392917873727175,1.0184419044147912
vol_change,1,0.0007954885357295257,0.2439367470294667,2117,0.0019646531647325377,1.0199829912159537,5389,1.595488443297918,0.38919826078120184,2.6207285437726155
vol_change,5,-0.0006431577531904711,-0.09116847697054481,2113,0.0027803828626663404,0.6551869877441199,5385,1.5964050953893094,-0.14554182117466063,-4.501709422461111
vol_change,21,-0.005886639203159562,-0.43368228642385853,2097,0.005083155963390157,0.6074336320159599,5369,1.6001013320320139,-0.6939356041855054,-0.875345822223554
trend_r2_126,1,0.003193197393688203,0.9469166025065803,2052,0.005072168893334979,2.6490215142480076,5324,1.6107581787255913,1.525253662058524,1.736774400313726
trend_r2_126,5,0.00018969339512969882,0.025836396348325207,2048,0.006565441567813694,1.5312030392089786,5320,1.6117246197784534,0.041641156080949863,
trend_r2_126,21,-0.004900628816169995,-0.34094971644563665,2032,0.008236116853233326,0.9557271136167095,5304,1.6156225488870972,-0.5508460499262325,-1.7350167324331314
ma_dist_200,1,0.006894323194084571,1.1926523806614362,1978,0.005011197867181336,1.588106103649331,5250,1.6291703894114593,1.943033943434696,0.8173331757869551
ma_dist_200,5,-0.0005207166020610142,-0.041964099939534594,1974,0.0009575585117037689,0.1368354172507137,5246,1.6301987994208658,-0.06840982534020652,-2.0002304723074826
ma_dist_200,21,-0.008804848724310343,-0.3721597897280724,1958,-0.003485814950907478,-0.25581806245288274,5230,1.63434786749695,-0.6082385587101885,0.42058836749081224
drawdown_252,1,0.002122220479923822,0.3509623875924067,1926,0.0016568011114572521,0.5048160803919217,5198,1.6428200559528465,0.5765680492219022,0.8755533385403299
drawdown_252,5,-0.008870621633065304,-0.6708199619934444,1922,-0.00852549317552499,-1.153539937395575,5194,1.6438957814504396,-1.1027581056337674,1.0460498376773415
drawdown_252,21,-0.023646844787695808,-0.915492002330048,1906,-0.021848898895147736,-1.4759529116400147,5178,1.6482366806072044,-1.5089474990429215,0.9781340388424156
near_high_252,1,0.002122220479923822,0.3509623875924067,1926,0.0016568011114572521,0.5048160803919217,5198,1.6428200559528465,0.5765680492219022,0.8755533385403299
near_high_252,5,-0.008870621633065304,-0.6708199619934444,1922,-0.00852549317552499,-1.153539937395575,5194,1.6438957814504396,-1.1027581056337674,1.0460498376773415
near_high_252,21,-0.023646844787695808,-0.915492002330048,1906,-0.021848898895147736,-1.4759529116400147,5178,1.6482366806072044,-1.5089474990429215,0.9781340388424156
skew_126,1,0.0004852705722010949,0.17481766838882143,2051,0.0016812808989672195,1.0433635447371226,5323,1.6109994898855513,0.2816311745973728,3.7047160927008242
skew_126,5,-0.0008980867000811827,-0.14611504602171918,2047,-0.00030811960291616706,-0.08610483612933759,5319,1.6119667293985431,-0.2355325928515483,0.3655750360783733
skew_126,21,0.004266305589375254,0.3499951086081376,2031,0.0012610402831150158,0.1791087409114815,5303,1.6158678936500959,0.5655458589344678,0.31670064961475664
sharpe_126,1,0.007506578309885022,1.4386415653928877,2051,0.006007243289579523,2.0822005577511793,5323,1.6109994898855513,2.317650827976093,0.8984099470969393
sharpe_126,5,-0.00030272715903963306,-0.026924187870517664,2047,-0.00016524338322079828,-0.025684563626083092,5319,1.6119667293985431,-0.043400895063350285,
sharpe_126,21,-0.010863990726893227,-0.5161845322238662,2031,-0.010379826067639797,-0.8267585515941239,5303,1.6158678936500959,-0.8340860128193387,0.9912149812937795
vol_trend,1,0.003987865577436135,1.7781406341574377,2118,0.0014213546416140931,1.0392124746283593,5390,1.595259739197725,2.8365961643028714,0.3663589790137641
vol_trend,5,0.006453253497028099,1.288633420760275,2114,-0.0027375057350320334,-0.8988886218288134,5386,1.5961756565568446,2.0568852964431246,-0.4370144622955978
vol_trend,21,0.0004222372059349643,0.042530687976108324,2098,-0.007452908342060692,-1.202274478232878,5370,1.599868917414027,0.0680435257292102,-17.669197257906895
vol_shock,1,0.005780252687792332,2.6172576578983255,2118,0.0055880061494869735,4.149112497876162,5390,1.595259739197725,4.175205768752131,0.9937504227764641
vol_shock,5,0.010314781970467892,2.0991863408619986,2114,0.00408200746753957,1.3747324337275746,5386,1.5961756565568446,3.3506701358605606,0.4102858168622734
vol_shock,21,0.0030504704866817062,0.30705085867506715,2098,-0.0016447279443737087,-0.27239982168039056,5370,1.599868917414027,0.4912411248595271,-0.5545134718887484
px_vol_diverge,1,-0.0030953735770561683,-1.2525126323280023,2115,-0.0019780059375824706,-1.353216473737977,5387,1.5959464017496587,-1.9989430287098684,0.6769660036841332
px_vol_diverge,5,-0.0015564122786492858,-0.3050515702482681,2111,0.00025614265625861684,0.08207544004057586,5383,1.59686452604561,-0.4871260311439698,-0.16848912764491233
px_vol_diverge,21,-0.004629365541405594,-0.4683171241055609,2095,0.002660682856903989,0.4276282706332008,5367,1.600566725407629,-0.7495728057819558,-0.5704959776216777
dollar_volume,1,-0.0010274024651037166,-0.3202503458798035,2157,-0.005361257728914197,-3.134208989137569,5429,1.5864809013790322,-0.5080710573983375,6.168839857138898
dollar_volume,5,-0.0015531424668762657,-0.22311128163775468,2153,-0.010272164696247421,-2.7356497046167862,5425,1.587368860037578,-0.35415990079484566,7.724334964170512
dollar_volume,21,-0.008752409693836363,-0.6507595887669121,2137,-0.02571732723865891,-3.4028899374252184,5409,1.5909488961832585,-1.03532524942939,3.2867834907925695
garman_klass,1,-0.006074066983937803,-1.0658978765514826,2157,0.0001848193312911184,0.05310582533898941,5429,1.5864809013790322,-1.6910266239693925,-0.03140448801115424
garman_klass,5,-0.019617123355839296,-1.5707572201835656,2153,-0.017118968419929843,-2.229711890005058,5425,1.587368860037578,-2.4933710979985815,0.894255929971611
garman_klass,21,-0.0354806218485496,-1.5099002685242973,2137,-0.03786157427049226,-2.5609593778047053,5409,1.5909488961832585,-2.4021741655555364,1.0661006243951705
close_in_range,1,-0.00790052657379146,-1.789556308334723,2157,-0.009464303009893546,-3.8729803467007087,5429,1.5864809013790322,-2.8390969051154045,1.3641592647727108
close_in_range,5,-0.010425305707521286,-1.1416521956577537,2153,-0.011791130241398455,-2.286898238000242,5425,1.587368860037578,-1.8122231443806462,1.261929716045991
close_in_range,21,-0.00981772541966792,-0.5720008478422021,2137,-0.013130356408877391,-1.3172481305940604,5409,1.5909488961832585,-0.9100241174904394,1.4474870558668453
overnight_vs_day,1,0.00792608824147846,2.074124358149412,2156,0.007475450313379826,3.486059160430582,5428,1.5867026286960473,3.2910185713181743,1.0592645057710164
overnight_vs_day,5,0.006982864043622308,0.8205910169687844,2152,0.008644128614576458,1.8163448733717986,5424,1.5875912876601066,1.3027631492717888,1.3942249398035926
overnight_vs_day,21,-0.012883448853819616,-0.837876046843861,2136,-0.0028282657555687967,-0.3136738279761399,5408,1.591174159541472,-1.3332067146367115,0.2352777139002136
true_range,1,-0.005917873346435538,-0.9835943378084985,2157,0.0005879823682037401,0.16145121263803147,5429,1.5864809013790322,-1.5604536316377389,-0.10346428074801813
true_range,5,-0.02081576986191988,-1.573705992959536,2153,-0.017029565750395406,-2.113425094938525,5425,1.587368860037578,-2.4980518880784834,0.8460293018829902
true_range,21,-0.03994813348419961,-1.6007056299364295,2137,-0.038869159395482196,-2.496790602497216,5409,1.5909488961832585,-2.54664085506169,0.9804250950952146
rel_strength_126,1,0.00803886318982278,1.4731683144152683,2051,0.0065713497763107195,2.147307414336675,5323,1.6109994898855513,2.3732734030385547,0.9047872072334479
rel_strength_126,5,0.0005280492902007707,0.04522569650106054,2047,0.002651644969884377,0.3913236178046952,5319,1.6119667293985431,0.0729023180735857,5.36778017688962
rel_strength_126,21,-0.009869143032932173,-0.4581019125843663,2031,-0.004280571522796193,-0.32995239614201083,5303,1.6158678936500959,-0.7402321725647802,0.4457417663957798
rel_strength_252,1,0.016611004195435028,2.765504497150197,1925,0.011564341476074127,3.5371496437585552,5197,1.643088634170494,4.543969007014876,0.7784273260442542
rel_strength_252,5,0.014724152666224732,1.1448993710125641,1921,0.011430085238384919,1.558950006121293,5193,1.6441653024879395,1.882403820659124,0.8281698055497074
rel_strength_252,21,0.00994587322269946,0.42181662146733917,1905,0.005203239156409922,0.36019279322601877,5177,1.648510024791257,0.6953689291124876,0.5179880465549986
resid_mom_126,1,0.009563442699956765,1.6793376509422113,1800,0.006062735201148103,2.0800028708026908,5072,1.6786237749352229,2.818976107015464,0.7378575737574637
resid_mom_126,5,0.0025027986206704765,0.2039356257304654,1796,-1.1427390481753275e-05,-0.001760871334130602,5068,1.6798292415074838,0.3425770274871618,-0.005140074181409001
resid_mom_126,21,-0.007761148992334224,-0.3324918740791698,1780,-0.011254945626415306,-0.8774994385334451,5052,1.6846964851839072,-0.5601478916133876,1.5665495696252527
resid_mom_252,1,0.01827277238308876,2.998454480873048,1674,0.011460107693096739,3.6661173470003914,4946,1.718894924377687,5.154028188150214,0.7113110780863161
resid_mom_252,5,0.01594603624343579,1.2272404062521778,1670,0.008945769026688722,1.2680497508876893,4942,1.7202562126397767,2.1111679332578723,0.600638978506501
resid_mom_252,21,0.013220623896797616,0.5504535057756358,1654,0.0023585410130379427,0.16589290775068924,4926,1.7257562350545064,0.9499485696999151,0.17463356758681592
low_beta,1,-0.0069666307375879045,-0.9002028874333693,1925,-0.0009123276563420688,-0.20658789909547529,5197,1.643088634170494,-1.4791131327892297,0.1396701134725937
low_beta,5,-0.022486813029225915,-1.3306024436187074,1921,-0.017634773695979863,-1.8022352965278021,5193,1.6441653024879395,-2.1877303692035435,0.8237922377902158
low_beta,21,-0.0511683745592629,-1.5785032592992514,1905,-0.03939203851266277,-2.0582771915794793,5177,1.648510024791257,-2.602178447120489,0.7909823378397134
low_corr,1,-0.005608583082782114,-1.002881799585928,2051,-0.005336836680282315,-1.7430490739406912,5323,1.6109994898855513,-1.6156420675484338,1.0788584358821407
low_corr,5,-0.015872198356410017,-1.317349735502083,2047,-0.011194516543178691,-1.6680280346799854,5319,1.6119667293985431,-2.1235239446113283,0.7854999887864637
low_corr,21,-0.03297844873213698,-1.388940217585834,2031,-0.020611850182984774,-1.5781559895743014,5303,1.6158678936500959,-2.2443439037963278,0.7031703059877928
lead_lag,1,-0.006038093408840826,-1.5383255313527053,1920,-0.004529746388175553,-2.232777794610534,5192,1.6444350600332829,-2.5296764375007177,0.8826337477438359
lead_lag,5,-0.01072549378692699,-1.2452663141224183,1916,-0.004192748868022099,-0.9395280369154259,5188,1.6455164617490963,-2.0491062191500604,0.45850626391887506
lead_lag,21,-0.008396882403760766,-0.47604804459780403,1900,0.003230535372121066,0.3502978387556563,5172,1.6498803784389626,-0.7854223279761531,-0.44599933854476825
idio_vol_share,1,-0.005517027289809291,-0.9930469755233132,2051,-0.005148758365288736,-1.7038322432355852,5323,1.6109994898855513,-1.5997981710004472,1.0650294981710595
idio_vol_share,5,-0.015668152713230875,-1.3092165076404851,2047,-0.010723452396314425,-1.6180764188028376,5319,1.6119667293985431,-2.1104134518958158,0.7667106259909856
idio_vol_share,21,-0.032848715211903155,-1.3944518697025219,2031,-0.019979309108468995,-1.5468582637548005,5303,1.6158678936500959,-2.253250005492652,0.6865009475131875
