setup,lb,th,horizon,n_events,mean,base,edge,t,win,ann_edge
1d move <= -3.0sd,1,-3.0,1.0,576.0,0.0031210379288401594,0.0005428298297695139,0.0025782080990706456,1.5427436732562954,0.5329861111111112,0.6497084409658027
1d move <= -3.0sd,1,-3.0,5.0,576.0,-0.0031552805138499265,0.002842473830369799,-0.005997754344219725,-2.03814225805201,0.5208333333333334,-0.30228681894867415
1d move <= -3.0sd,1,-3.0,21.0,574.0,0.025453739243657427,0.011620921361874644,0.013832817881782783,3.0717538034047243,0.632404181184669,0.1659938145813934
1d move <= -2.5sd,1,-2.5,1.0,998.0,0.0022834383876577284,0.0005391947322050149,0.0017442436554527135,1.5914828489052832,0.5200400801603207,0.4395494011740838
1d move <= -2.5sd,1,-2.5,5.0,998.0,-8.391524315132371e-05,0.002834760181172738,-0.0029186754243240615,-1.4886877699160628,0.533066132264529,-0.1471012413859327
1d move <= -2.5sd,1,-2.5,21.0,996.0,0.02162347253067489,0.011591553535017734,0.010031918995657156,3.210692504916625,0.6184738955823293,0.12038302794788588
1d move <= -2.0sd,1,-2.0,1.0,1856.0,0.0016832321997348704,0.0005336086679077133,0.0011496235318271572,1.7088985998577682,0.5290948275862069,0.2897051300204436
1d move <= -2.0sd,1,-2.0,5.0,1855.0,0.0027470331571709623,0.0027945498607605305,-4.751670358956817e-05,-0.037810304360766975,0.5525606469002695,-0.0023948418609142357
1d move <= -2.0sd,1,-2.0,21.0,1850.0,0.018433633376974023,0.011552354893738811,0.006881278483235212,3.2733673529728167,0.605945945945946,0.08257534179882253
1d move <= -1.5sd,1,-1.5,1.0,3755.0,0.0013369005312038084,0.0005203533303653918,0.0008165472008384166,2.0801076852302,0.5339547270306259,0.20576989461128098
1d move <= -1.5sd,1,-1.5,5.0,3752.0,0.0030092653452109402,0.0027811091127032546,0.0002281562325076856,0.2973563743036513,0.5495735607675906,0.011499074118387353
1d move <= -1.5sd,1,-1.5,21.0,3736.0,0.016024404491696218,0.011492210747477262,0.004532193744218956,3.3690574417676564,0.5955567451820128,0.05438632493062747
1d move >= +1.5sd,1,1.5,1.0,3506.0,-0.0012427033177758939,0.0006587089266957967,-0.0019014122444716906,-5.486179810573528,0.49486594409583573,-0.47915588560686606
1d move >= +1.5sd,1,1.5,5.0,3503.0,0.0014605172041454566,0.0028632437391179198,-0.0014027265349724632,-2.0134016908587418,0.5469597487867542,-0.07069741736261215
1d move >= +1.5sd,1,1.5,21.0,3480.0,0.013493328639766423,0.011642373219808483,0.0018509554199579396,1.505412862382083,0.5870689655172414,0.022211465039495275
1d move >= +2.0sd,1,2.0,1.0,1593.0,-0.0027101699731310208,0.0006398040781598682,-0.003349974051290889,-5.443635792269763,0.482736974262398,-0.844193460925304
1d move >= +2.0sd,1,2.0,5.0,1593.0,-0.00047762601113482975,0.0028691902027424784,-0.003346816213877308,-2.8404456875598534,0.5455116133082235,-0.16867953717941633
1d move >= +2.0sd,1,2.0,21.0,1582.0,0.015620328439227182,0.011644543626421254,0.003975784812805928,2.0657414848411206,0.5948166877370418,0.047709417753671136
1d move >= +2.5sd,1,2.5,1.0,814.0,-0.005496725393725412,0.000634894346050106,-0.006131619739775517,-5.934490258734946,0.4631449631449631,-1.5451681744234305
1d move >= +2.5sd,1,2.5,5.0,814.0,-0.005225315687546969,0.0028873002002363438,-0.008112615887783312,-4.095538746696136,0.5171990171990172,-0.4088758407442789
1d move >= +2.5sd,1,2.5,21.0,808.0,0.016607366346577848,0.01167755641048017,0.004929809936097679,1.6735604470648777,0.6076732673267327,0.059157719233172146
1d move >= +3.0sd,1,3.0,1.0,452.0,-0.008502007925742086,0.0006225716389974075,-0.009124579564739494,-5.911429339360721,0.4424778761061947,-2.2993940503143526
1d move >= +3.0sd,1,3.0,5.0,452.0,-0.008972390987164064,0.0028694898827976564,-0.01184188086996172,-4.105644027471024,0.504424778761062,-0.5968307958460707
1d move >= +3.0sd,1,3.0,21.0,451.0,0.018180969271526157,0.011692686821614036,0.006488282449912121,1.5852449527006554,0.6164079822616408,0.07785938939894546
5d move <= -3.0sd,5,-3.0,1.0,577.0,0.003975227806268651,0.0005357283954613839,0.0034394994108072675,1.7666692249083358,0.5493934142114385,0.8667538515234314
5d move <= -3.0sd,5,-3.0,5.0,577.0,0.009157262345130793,0.002740590127318491,0.006416672217812302,1.9698426029097977,0.5805892547660312,0.32340027977774
5d move <= -3.0sd,5,-3.0,21.0,576.0,0.03769681121814885,0.011518743855047047,0.026178067363101805,5.3336537339010865,0.6649305555555556,0.3141368083572217
5d move <= -2.5sd,5,-2.5,1.0,1033.0,0.0029541042170349112,0.0005283184451843765,0.0024257857718505346,1.9613388473565638,0.5498547918683446,0.6112980145063347
5d move <= -2.5sd,5,-2.5,5.0,1033.0,0.007266541827089398,0.0027265340955885823,0.004540007731500816,2.1606892893792256,0.5818005808325266,0.22881638966764112
5d move <= -2.5sd,5,-2.5,21.0,1031.0,0.027776036358713833,0.011494297706104913,0.016281738652608922,4.965799609075338,0.6391852570320078,0.19538086383130707
5d move <= -2.0sd,5,-2.0,1.0,1988.0,0.0018473034798325758,0.0005266169771850931,0.0013206865026474828,1.818365157559617,0.5508048289738431,0.3328129986671657
5d move <= -2.0sd,5,-2.0,5.0,1986.0,0.005968866500554528,0.002700905720070402,0.003267960780484126,2.5775599121088115,0.5765357502517623,0.16470522333639995
5d move <= -2.0sd,5,-2.0,21.0,1980.0,0.02136122026168434,0.011453786921395592,0.009907433340288749,4.858294041375695,0.6141414141414141,0.11888920008346499
5d move <= -1.5sd,5,-1.5,1.0,4116.0,0.001309868535497647,0.0005175824502968995,0.0007922860852007474,1.9572219051299355,0.5451895043731778,0.19965609347058835
5d move <= -1.5sd,5,-1.5,5.0,4112.0,0.005204102762629432,0.0026434033593446065,0.0025606994032848257,3.432772199299252,0.5749027237354085,0.1290592499255552
5d move <= -1.5sd,5,-1.5,21.0,4091.0,0.018085052568175403,0.011339579119604516,0.006745473448570887,5.282773425274617,0.609142019066243,0.08094568138285065
5d move >= +1.5sd,5,1.5,1.0,3945.0,-9.423142850336822e-06,0.0005980066523428962,-0.000607429795193233,-2.151926909836057,0.5024081115335868,-0.15307230838869473
5d move >= +1.5sd,5,1.5,5.0,3941.0,0.0008947000438831913,0.0029061393557332322,-0.002011439311850041,-3.6356654041403833,0.5348896219233698,-0.10137654131724205
5d move >= +1.5sd,5,1.5,21.0,3924.0,0.013463523438137628,0.011631683674839268,0.0018318397632983603,1.6291294416195057,0.5930173292558614,0.021982077159580324
5d move >= +2.0sd,5,2.0,1.0,1732.0,-0.0007028930443900239,0.0005959202495664738,-0.0012988132939564978,-2.8509885411295963,0.49018475750577367,-0.32730095007703747
5d move >= +2.0sd,5,2.0,5.0,1731.0,-0.0014098756801197015,0.0028994831930153724,-0.004309358873135074,-4.908926749844773,0.5222414789139226,-0.2171916872060077
5d move >= +2.0sd,5,2.0,21.0,1723.0,0.012781965249586125,0.011708087074817167,0.0010738781747689583,0.6259957017192491,0.596053395240859,0.0128865380972275
5d move >= +2.5sd,5,2.5,1.0,751.0,-0.001531971126278123,0.0005865587016827303,-0.002118529827960853,-2.7896752720081897,0.47270306258322237,-0.533869516646135
5d move >= +2.5sd,5,2.5,5.0,751.0,-0.002494602439688705,0.0028504373075924614,-0.005345039747281167,-3.7320571099441437,0.5193075898801598,-0.2693900032629708
5d move >= +2.5sd,5,2.5,21.0,748.0,0.01864440105913638,0.011659790431997214,0.0069846106271391675,2.5747917664000752,0.6483957219251337,0.08381532752567
5d move >= +3.0sd,5,3.0,1.0,337.0,-0.002290904205571271,0.0005776837191659248,-0.0028685879247371954,-2.249757708032453,0.4688427299703264,-0.7228841570337732
5d move >= +3.0sd,5,3.0,5.0,337.0,-0.004128094065795804,0.0028266590784528935,-0.006954753144248697,-3.020236681570288,0.49851632047477745,-0.35051955847013433
5d move >= +3.0sd,5,3.0,21.0,334.0,0.022731678755180573,0.011681744668285964,0.011049934086894609,2.7476284233738593,0.6616766467065869,0.1325992090427353
21d move <= -3.0sd,21,-3.0,1.0,429.0,0.004934442046118497,0.0005371235610753994,0.004397318485043098,1.5690837511292406,0.5361305361305362,1.1081242582308606
21d move <= -3.0sd,21,-3.0,5.0,429.0,0.014405188730409475,0.0027219463064237733,0.011683242423985702,2.4985738620983664,0.5967365967365967,0.5888354181688794
21d move <= -3.0sd,21,-3.0,21.0,429.0,0.06800941957125449,0.011386880485260823,0.05662253908599367,9.890290752319604,0.6876456876456877,0.679470469031924
21d move <= -2.5sd,21,-2.5,1.0,941.0,0.002773138412747814,0.0005339876686018714,0.0022391507441459424,1.5391543456119914,0.5419766206163655,0.5642659875247775
21d move <= -2.5sd,21,-2.5,5.0,941.0,0.010003705399284156,0.0026953974108361446,0.007308307988448011,2.902642510443866,0.5791710945802337,0.3683387226177797
21d move <= -2.5sd,21,-2.5,21.0,940.0,0.043151641458124224,0.011306098666930485,0.03184554279119374,9.137597627247185,0.6382978723404256,0.3821465134943249
21d move <= -2.0sd,21,-2.0,1.0,2094.0,0.002051757769834101,0.0005182928738511175,0.0015334648959829836,2.0586092448424567,0.5487106017191977,0.38643315378771187
21d move <= -2.0sd,21,-2.0,5.0,2094.0,0.007782026752938275,0.002640018650598561,0.005142008102339714,3.8074330887024015,0.5859598853868195,0.25915720835792155
21d move <= -2.0sd,21,-2.0,21.0,2090.0,0.030883852568855178,0.011144049866043707,0.01973980270281147,9.387608318243098,0.6401913875598086,0.23687763243373763
21d move <= -1.5sd,21,-1.5,1.0,4774.0,0.0011904958102973045,0.0005183230503585794,0.0006721727599387251,1.7588711972300914,0.5400083787180562,0.16938753550455873
21d move <= -1.5sd,21,-1.5,5.0,4770.0,0.006126721883552045,0.0025504586540365287,0.003576263229515516,4.929277299332604,0.5865828092243187,0.180243666767582
21d move <= -1.5sd,21,-1.5,21.0,4749.0,0.024149999620555196,0.010829082996116667,0.013320916624438529,10.71233233730914,0.6369762055169509,0.15985099949326234
21d move >= +1.5sd,21,1.5,1.0,4986.0,0.00037612241446406854,0.0005782692715788967,-0.00020214685711482817,-0.9191330875975459,0.5248696349779383,-0.0509410079929367
21d move >= +1.5sd,21,1.5,5.0,4980.0,0.0027130228427227894,0.0027994199512285894,-8.639710850580004e-05,-0.18516581718764685,0.5556224899598393,-0.004354414268692322
21d move >= +1.5sd,21,1.5,21.0,4950.0,0.009222690088935875,0.01192611411328713,-0.002703424024351255,-2.9368303651430385,0.5909090909090909,-0.03244108829221506
21d move >= +2.0sd,21,2.0,1.0,2077.0,0.0005443813766925912,0.000564536149105437,-2.01547724128458e-05,-0.057889194603646804,0.5305729417428984,-0.005079002648037141
21d move >= +2.0sd,21,2.0,5.0,2074.0,0.0035096175637056677,0.002771503040842866,0.0007381145228628019,0.9972305549859676,0.5593056894889104,0.037200971952285215
21d move >= +2.0sd,21,2.0,21.0,2056.0,0.007824893228962404,0.011853116254887427,-0.0040282230259250235,-2.858479284380429,0.5676070038910506,-0.04833867631110028
21d move >= +2.5sd,21,2.5,1.0,821.0,4.080693012638707e-05,0.0005701187653113015,-0.0005293118351849145,-0.9027843314524366,0.510353227771011,-0.13338658246659846
21d move >= +2.5sd,21,2.5,5.0,818.0,0.002504244365951937,0.002796700608414207,-0.0002924562424622703,-0.23614324654825083,0.5513447432762836,-0.014739794620098421
21d move >= +2.5sd,21,2.5,21.0,806.0,0.0063510248294257445,0.011797404521961775,-0.005446379692536031,-2.433107035818117,0.5397022332506204,-0.06535655631043237
21d move >= +3.0sd,21,3.0,1.0,311.0,-0.0014733625284360688,0.0005729882363559321,-0.0020463507647920007,-1.8956117826127021,0.4855305466237942,-0.5156803927275841
21d move >= +3.0sd,21,3.0,5.0,311.0,0.0005729665637236646,0.0028031686022023964,-0.002230202038478732,-1.0990131197414341,0.5273311897106109,-0.11240218273932809
21d move >= +3.0sd,21,3.0,21.0,303.0,0.003414971099563598,0.011770810529563774,-0.008355839430000176,-2.4215413172168665,0.5148514851485149,-0.10027007316000211
